"velocity","CoT"
0.499383477188656,0.157942238267148
0.844636251541307,0.102346570397112
1.1960542540074,0.09115523465704
1.54747225647349,0.080685920577617
1.89889025893958,0.094404332129964
1.99753390875462,0.095848375451264
