"velocity","CoT"
1.99753390875462,0.104873646209386
2.09617755856967,0.113898916967509
2.30579531442663,0.109927797833935
3.00246609124538,0.101985559566787
3.50184956843403,0.107400722021661
4.00123304562269,0.115703971119134
