"speed","force"
1.97721707068762,0.883877225325372
2.47125994001596,0.995631896101038
2.96392702858872,1.06391189500041
3.47296590815288,1.14954048922764
3.9657705748012,1.22216795531464
