"speed","force"
3.9863961339865,1.00723222560572
4.47196478220575,1.16429729908646
4.97259367138885,1.21292863762743
5.47338805772541,1.26448927578446
